Niter, simple time, simple error, chebyshev time, chebyshev error, jakobi time, jakobi error, gs time, gs error
1,4,133.516,14,133.516,4,138.43,3,38.661
2,4,167.535,7,200.43,4,192.006,4,18.7079
3,5,141.842,5,153.334,7,184.476,6,7.75082
4,6,126.933,6,77.3288,9,85.7176,8,3.24642
5,6,110.384,8,59.4582,11,14.7051,9,1.35863
6,7,89.1645,10,175.392,12,11.1255,11,0.568621
7,9,79.3218,11,42.6236,14,6.20941,13,0.237982
8,11,60.5968,12,13.6899,17,4.53869,14,0.0996013
9,12,54.4594,15,8.67005,19,2.61099,17,0.0416856
10,13,40.1676,15,21.2588,21,1.85823,18,0.0174464
11,14,36.2141,20,65.917,28,1.09482,20,0.00730177
12,16,26.0979,18,203.064,25,0.762897,22,0.00305597
13,16,23.517,19,7.31561,27,0.458034,24,0.001279
14,18,16.6841,20,10.2975,29,0.313889,26,0.000535292
15,19,14.9963,22,0.50159,30,0.191279,27,0.000224033
16,20,10.5258,23,0.0927455,32,0.129368,29,9.37633e-05
17,21,9.42701,27,0.048725,35,0.0797649,30,3.92423e-05
18,23,6.56861,27,0.0970941,37,0.0533902,33,1.64239e-05
19,24,5.85826,28,1.88025,38,0.0332245,54,6.87379e-06
20,25,4.06194,30,24.3091,41,0.0220573,36,2.87685e-06
21,27,3.60643,31,8.27085,43,0.0138265,38,1.20403e-06
22,28,2.49259,32,31.7013,48,0.00912019,39,5.03917e-07
23,29,2.20286,33,12.3196,47,0.0057498,41,2.10902e-07
24,31,1.51954,34,39.6735,49,0.00377344,43,8.82675e-08
25,31,1.3367,36,0.348703,51,0.00238973,45,3.69421e-08
26,32,0.921111,37,0.465229,53,0.00156204,46,1.54612e-08
27,34,0.806559,38,0.0945217,55,0.000992771,48,6.47089e-09
28,35,0.555605,39,0.0327929,57,0.000646879,50,2.70823e-09
29,36,0.484319,40,0.000393074,64,0.000412284,51,1.13346e-09
30,38,0.333685,42,0.000235967,61,0.000267973,53,4.74382e-10
31,39,0.289596,43,6.71214e-06,63,0.000171168,55,1.9854e-10
32,40,0.199637,45,1.11166e-06,64,0.000111037,57,8.30937e-11
33,45,0.172521,50,5.40701e-07,67,7.10485e-05,59,3.47782e-11
34,42,0.119031,50,9.76944e-07,68,4.60181e-05,60,1.45542e-11
35,44,0.10244,51,9.69935e-05,71,2.94857e-05,62,6.09275e-12
36,45,0.0707539,53,0.00497167,72,1.90747e-05,81,2.54921e-12
37,46,0.0606493,54,0.0102933,76,1.22351e-05,66,1.06692e-12
38,47,0.0419411,55,0.0702455,77,7.90749e-06,67,4.46875e-13
39,48,0.0358134,56,0.110627,79,5.07643e-06,69,1.8683e-13
40,50,0.0247995,58,0.901528,81,3.2784e-06,71,7.80389e-14
41,54,0.021098,59,0.0889406,83,2.10607e-06,72,3.35121e-14
42,52,0.0146304,60,0.182742,85,1.35931e-06,74,1.43173e-14
43,53,0.0124025,62,0.299024,87,8.73688e-07,203,5.50845e-15
44,65,0.00861322,80,1.44153,106,5.63636e-07,83,3.46057e-15
45,73,0.00727667,65,0.116575,90,3.62425e-07,79,1.50656e-15
46,56,0.0050611,65,0.281575,92,2.33722e-07,80,9.3831e-17
47,58,0.00426172,66,0.117811,94,1.50336e-07,82,9.3831e-17
48,71,0.00296866,68,0.272039,96,9.6921e-08,84,9.3831e-17
49,61,0.00249189,69,0.000636929,98,6.23579e-08,86,9.3831e-17
50,60,0.00173848,82,0.00066553,106,4.01928e-08,87,9.3831e-17
51,62,0.00145487,71,0.0002631,102,2.58648e-08,89,9.3831e-17
52,64,0.00101654,72,0.000135007,104,1.66682e-08,91,9.3831e-17
53,65,0.000848232,73,4.93039e-06,117,1.0728e-08,136,9.3831e-17
54,93,0.000593568,76,5.81009e-06,109,6.91252e-09,95,9.3831e-17
55,68,0.000493911,76,2.99957e-07,110,4.44961e-09,96,9.3831e-17
56,69,0.000346139,77,1.77478e-07,111,2.86675e-09,118,9.3831e-17
57,70,0.000287253,109,4.97974e-10,116,1.84552e-09,108,9.3831e-17
58,94,0.000201606,110,3.81303e-10,133,1.18891e-09,101,9.3831e-17
59,72,0.000166878,88,2.57876e-11,129,7.65441e-10,117,9.3831e-17
60,74,0.000117289,83,4.06443e-12,121,4.93074e-10,105,9.3831e-17
61,75,9.68459e-05,84,2.73878e-14,123,3.1747e-10,108,9.3831e-17
62,77,6.81634e-05,86,4.0284e-15,125,2.04492e-10,110,9.3831e-17
63,80,5.61491e-05,86,6.714e-16,140,1.3167e-10,111,9.3831e-17
64,78,3.95737e-05,87,0,127,8.48103e-11,113,9.3831e-17
65,96,3.25243e-05,148,1.3428e-15,131,5.46098e-11,117,9.3831e-17
66,88,2.29537e-05,96,0,131,3.5173e-11,117,9.3831e-17
67,81,1.88235e-05,98,7.38552e-15,133,2.26494e-11,119,9.3831e-17
68,82,1.33018e-05,98,2.73875e-12,137,1.45879e-11,120,9.3831e-17
69,84,1.08854e-05,105,2.74992e-11,139,9.39287e-12,126,9.3831e-17
70,85,7.70195e-06,100,4.35313e-10,246,6.05035e-12,144,9.3831e-17
71,96,6.29009e-06,123,2.62286e-09,145,3.8955e-12,124,9.3831e-17
72,103,4.45601e-06,103,3.56804e-08,145,2.50947e-12,126,9.3831e-17
73,89,3.63209e-06,104,1.83275e-08,145,1.61526e-12,128,9.3831e-17
74,90,2.57611e-06,106,5.22008e-08,149,1.04155e-12,130,9.3831e-17
75,91,2.09585e-06,107,3.87044e-07,151,6.7044e-13,131,9.3831e-17
76,93,1.48823e-06,107,7.81819e-06,153,4.32176e-13,133,9.3831e-17
77,94,1.20861e-06,110,2.7191e-06,155,2.77297e-13,134,9.3831e-17
78,96,8.59172e-07,110,7.95041e-06,156,1.78923e-13,159,9.3831e-17
79,96,6.96533e-07,113,2.29225e-05,159,1.15355e-13,138,9.3831e-17
80,98,4.95689e-07,114,0.000277073,160,7.3397e-14,140,9.3831e-17
81,99,4.01186e-07,115,6.92289e-06,165,4.80709e-14,142,9.3831e-17
82,100,2.85806e-07,116,9.02216e-06,164,2.98496e-14,144,9.3831e-17
83,102,2.30945e-07,118,2.87703e-05,165,1.92282e-14,145,9.3831e-17
84,103,1.64694e-07,118,0.000157766,168,1.30629e-14,147,9.3831e-17
85,120,1.32874e-07,120,3.9405e-05,170,8.20579e-15,148,9.3831e-17
86,105,9.48506e-08,121,0.000145472,170,4.5768e-15,181,9.3831e-17
87,142,7.64109e-08,165,7.90537e-05,185,3.43196e-15,153,9.3831e-17
88,122,5.45971e-08,143,0.000420407,218,1.93756e-15,212,9.3831e-17
89,147,4.39197e-08,129,8.47828e-06,179,1.51298e-15,155,9.3831e-17
90,110,3.14107e-08,401,1.2261e-05,208,3.48567e-16,177,9.3831e-17
91,147,2.52326e-08,157,1.14028e-05,216,6.77925e-16,163,9.3831e-17
92,130,1.80622e-08,136,2.55538e-05,207,6.76625e-16,195,9.3831e-17
93,129,1.44902e-08,135,1.98624e-06,235,9.3831e-17,166,9.3831e-17
94,118,1.03815e-08,134,4.96864e-06,186,9.3831e-17,238,9.3831e-17
95,123,8.31768e-09,139,1.33316e-06,223,9.3831e-17,166,9.3831e-17
96,116,5.96426e-09,153,3.16251e-06,222,9.3831e-17,171,9.3831e-17
97,118,4.77258e-09,135,1.93118e-09,187,9.3831e-17,170,9.3831e-17
98,138,3.42502e-09,145,1.73946e-09,215,9.3831e-17,175,9.3831e-17
99,131,2.73738e-09,137,9.51054e-10,196,9.3831e-17,188,9.3831e-17
100,121,1.96603e-09,138,5.90568e-10,205,9.3831e-17,197,9.3831e-17
101,132,1.56948e-09,165,3.77931e-11,261,9.3831e-17,175,9.3831e-17
102,124,1.12809e-09,142,6.47835e-11,201,9.3831e-17,182,9.3831e-17
103,125,8.99536e-10,143,4.86468e-12,222,9.3831e-17,187,9.3831e-17
104,126,6.47038e-10,144,6.16713e-12,206,9.3831e-17,199,9.3831e-17
105,131,5.15384e-10,147,5.16325e-14,356,9.3831e-17,200,9.3831e-17
106,129,3.70985e-10,162,5.41175e-14,209,9.3831e-17,185,9.3831e-17
107,148,2.95187e-10,159,4.0284e-15,223,9.3831e-17,198,9.3831e-17
108,132,2.12631e-10,143,0,245,9.3831e-17,202,9.3831e-17
109,151,1.69015e-10,143,0,218,9.3831e-17,191,9.3831e-17
110,135,1.21828e-10,140,0,223,9.3831e-17,192,9.3831e-17
111,136,9.67393e-11,139,0,223,9.3831e-17,222,9.3831e-17
112,136,6.97746e-11,134,0,224,9.3831e-17,200,9.3831e-17
113,141,5.53535e-11,134,0,224,9.3831e-17,207,9.3831e-17
114,140,3.99503e-11,116,0,227,9.3831e-17,226,9.3831e-17
115,167,3.16632e-11,129,0,251,9.3831e-17,207,9.3831e-17
116,169,2.2867e-11,136,0,236,9.3831e-17,203,9.3831e-17
117,142,1.81073e-11,105,0,252,9.3831e-17,224,9.3831e-17
118,144,1.30835e-11,123,0,234,9.3831e-17,240,9.3831e-17
119,149,1.03502e-11,111,0,235,9.3831e-17,334,9.3831e-17
120,179,7.48381e-12,122,0,314,9.3831e-17,310,9.3831e-17
121,209,5.91612e-12,131,0,313,9.3831e-17,214,9.3831e-17
122,166,4.28138e-12,102,0,243,9.3831e-17,213,9.3831e-17
123,159,3.38173e-12,98,0,251,9.3831e-17,217,9.3831e-17
124,152,2.44678e-12,100,0,269,9.3831e-17,237,9.3831e-17
125,152,1.93195e-12,94,0,249,9.3831e-17,237,9.3831e-17
126,178,1.40081e-12,87,0,262,9.3831e-17,220,9.3831e-17
127,154,1.10476e-12,95,0,252,9.3831e-17,223,9.3831e-17
128,179,7.98797e-13,98,0,252,9.3831e-17,235,9.3831e-17
129,211,6.29244e-13,117,0,283,9.3831e-17,226,9.3831e-17
130,158,4.55852e-13,103,0,266,9.3831e-17,246,9.3831e-17
131,159,3.57572e-13,113,0,261,9.3831e-17,235,9.3831e-17
132,162,2.59844e-13,115,0,266,9.3831e-17,233,9.3831e-17
133,164,2.05269e-13,231,0,312,9.3831e-17,233,9.3831e-17
134,163,1.49884e-13,125,0,259,9.3831e-17,252,9.3831e-17
135,164,1.18042e-13,133,0,268,9.3831e-17,236,9.3831e-17
136,166,8.56888e-14,129,0,271,9.3831e-17,238,9.3831e-17
137,168,6.73218e-14,135,0,273,9.3831e-17,240,9.3831e-17
138,168,4.96986e-14,145,0,274,9.3831e-17,253,9.3831e-17
139,170,3.89993e-14,149,0,276,9.3831e-17,243,9.3831e-17
140,171,2.68922e-14,149,0,279,9.3831e-17,244,9.3831e-17
141,172,2.05526e-14,158,0,285,9.3831e-17,301,9.3831e-17
142,230,1.46685e-14,188,0,294,9.3831e-17,247,9.3831e-17
143,172,1.31963e-14,175,0,287,9.3831e-17,250,9.3831e-17
144,174,1.10794e-14,176,0,297,9.3831e-17,257,9.3831e-17
145,175,8.96555e-15,323,0,345,9.3831e-17,286,9.3831e-17
146,178,6.85737e-15,191,0,295,9.3831e-17,254,9.3831e-17
147,178,4.26307e-15,190,0,290,9.3831e-17,255,9.3831e-17
148,181,4.26307e-15,189,0,305,9.3831e-17,296,9.3831e-17
149,182,4.26307e-15,189,0,309,9.3831e-17,259,9.3831e-17
150,182,4.26307e-15,210,0,298,9.3831e-17,264,9.3831e-17
151,183,4.26307e-15,210,0,300,9.3831e-17,265,9.3831e-17
152,184,4.26307e-15,214,0,302,9.3831e-17,277,9.3831e-17
153,186,4.26307e-15,228,0,305,9.3831e-17,268,9.3831e-17
154,187,4.26307e-15,218,6.714e-16,360,9.3831e-17,268,9.3831e-17
155,193,4.26307e-15,220,9.49503e-15,367,9.3831e-17,375,9.3831e-17
156,232,4.26307e-15,250,1.25509e-13,341,9.3831e-17,273,9.3831e-17
157,190,4.26307e-15,222,7.428e-14,314,9.3831e-17,275,9.3831e-17
158,192,4.26307e-15,244,2.90785e-13,316,9.3831e-17,278,9.3831e-17
159,211,4.26307e-15,230,4.74009e-13,316,9.3831e-17,279,9.3831e-17
160,195,4.26307e-15,229,4.9461e-12,319,9.3831e-17,280,9.3831e-17
161,197,4.26307e-15,227,3.02949e-14,320,9.3831e-17,282,9.3831e-17
162,224,4.26307e-15,254,3.16057e-14,325,9.3831e-17,284,9.3831e-17
163,199,4.26307e-15,229,1.43976e-13,325,9.3831e-17,285,9.3831e-17
164,200,4.26307e-15,231,8.53419e-13,327,9.3831e-17,286,9.3831e-17
165,204,4.26307e-15,232,3.86694e-13,336,9.3831e-17,396,9.3831e-17
166,242,4.26307e-15,272,1.85409e-12,325,9.3831e-17,302,9.3831e-17
167,203,4.26307e-15,253,1.17399e-12,335,9.3831e-17,322,9.3831e-17
168,204,4.26307e-15,319,7.38693e-12,339,9.3831e-17,293,9.3831e-17
169,206,4.26307e-15,239,4.36723e-13,335,9.3831e-17,293,9.3831e-17
170,206,4.26307e-15,239,8.07322e-13,337,9.3831e-17,309,9.3831e-17
171,211,4.26307e-15,280,1.17057e-12,340,9.3831e-17,381,9.3831e-17
172,223,4.26307e-15,282,6.1088e-12,340,9.3831e-17,303,9.3831e-17
173,217,4.26307e-15,243,6.75365e-13,342,9.3831e-17,307,9.3831e-17
174,227,4.26307e-15,243,1.74558e-12,350,9.3831e-17,306,9.3831e-17
175,212,4.26307e-15,380,1.30966e-12,370,9.3831e-17,306,9.3831e-17
176,216,4.26307e-15,253,6.41925e-12,347,9.3831e-17,322,9.3831e-17
177,215,4.26307e-15,246,2.97999e-14,351,9.3831e-17,305,9.3831e-17
178,215,4.26307e-15,248,3.11026e-14,353,9.3831e-17,308,9.3831e-17
179,252,4.26307e-15,249,4.52983e-14,355,9.3831e-17,321,9.3831e-17
180,218,4.26307e-15,251,1.20677e-13,362,9.3831e-17,314,9.3831e-17
181,220,4.26307e-15,252,1.51475e-14,377,9.3831e-17,317,9.3831e-17
182,219,4.26307e-15,252,4.21648e-14,426,9.3831e-17,349,9.3831e-17
183,275,4.26307e-15,273,0,365,9.3831e-17,320,9.3831e-17
184,387,4.26307e-15,339,0,385,9.3831e-17,392,9.3831e-17
185,249,4.26307e-15,265,9.54128e-16,365,9.3831e-17,324,9.3831e-17
186,225,4.26307e-15,255,0,408,9.3831e-17,328,9.3831e-17
187,229,4.26307e-15,248,0,370,9.3831e-17,416,9.3831e-17
188,230,4.26307e-15,243,0,372,9.3831e-17,383,9.3831e-17
189,243,4.26307e-15,242,0,431,9.3831e-17,332,9.3831e-17
190,234,4.26307e-15,242,0,399,9.3831e-17,379,9.3831e-17
191,254,4.26307e-15,249,0,376,9.3831e-17,336,9.3831e-17
192,231,4.26307e-15,255,0,380,9.3831e-17,481,9.3831e-17
193,264,4.26307e-15,241,0,385,9.3831e-17,336,9.3831e-17
194,234,4.26307e-15,239,0,384,9.3831e-17,338,9.3831e-17
195,236,4.26307e-15,221,0,387,9.3831e-17,354,9.3831e-17
196,240,4.26307e-15,227,0,393,9.3831e-17,342,9.3831e-17
197,238,4.26307e-15,215,0,393,9.3831e-17,344,9.3831e-17
198,240,4.26307e-15,207,0,401,9.3831e-17,343,9.3831e-17
199,239,4.26307e-15,212,0,395,9.3831e-17,345,9.3831e-17
200,241,4.26307e-15,258,0,399,9.3831e-17,359,9.3831e-17
201,353,4.26307e-15,221,0,423,9.3831e-17,352,9.3831e-17
202,252,4.26307e-15,205,0,408,9.3831e-17,354,9.3831e-17
203,245,4.26307e-15,191,0,403,9.3831e-17,368,9.3831e-17
204,247,4.26307e-15,232,0,406,9.3831e-17,365,9.3831e-17
205,266,4.26307e-15,225,0,412,9.3831e-17,357,9.3831e-17
206,304,4.26307e-15,273,0,415,9.3831e-17,355,9.3831e-17
207,251,4.26307e-15,190,0,411,9.3831e-17,361,9.3831e-17
208,251,4.26307e-15,194,0,414,9.3831e-17,358,9.3831e-17
209,262,4.26307e-15,177,0,554,9.3831e-17,386,9.3831e-17
210,254,4.26307e-15,178,0,416,9.3831e-17,365,9.3831e-17
211,255,4.26307e-15,172,0,420,9.3831e-17,375,9.3831e-17
212,259,4.26307e-15,175,0,422,9.3831e-17,367,9.3831e-17
213,258,4.26307e-15,176,0,423,9.3831e-17,426,9.3831e-17
214,258,4.26307e-15,163,0,433,9.3831e-17,427,9.3831e-17
215,286,4.26307e-15,172,0,442,9.3831e-17,375,9.3831e-17
216,262,4.26307e-15,157,0,419,9.3831e-17,385,9.3831e-17
217,262,4.26307e-15,154,0,421,9.3831e-17,475,9.3831e-17
218,306,4.26307e-15,165,0,433,9.3831e-17,399,9.3831e-17
219,267,4.26307e-15,153,0,449,9.3831e-17,382,9.3831e-17
220,267,4.26307e-15,156,0,435,9.3831e-17,384,9.3831e-17
221,268,4.26307e-15,152,0,437,9.3831e-17,389,9.3831e-17
222,278,4.26307e-15,147,0,440,9.3831e-17,387,9.3831e-17
223,272,4.26307e-15,144,0,442,9.3831e-17,388,9.3831e-17
224,271,4.26307e-15,137,0,444,9.3831e-17,397,9.3831e-17
225,274,4.26307e-15,145,0,446,9.3831e-17,392,9.3831e-17
226,274,4.26307e-15,255,0,521,9.3831e-17,393,9.3831e-17
227,276,4.26307e-15,147,0,439,9.3831e-17,396,9.3831e-17
228,282,4.26307e-15,163,0,452,9.3831e-17,402,9.3831e-17
229,359,4.26307e-15,129,0,510,9.3831e-17,414,9.3831e-17
230,277,4.26307e-15,139,0,475,9.3831e-17,456,9.3831e-17
231,331,4.26307e-15,128,0,457,9.3831e-17,399,9.3831e-17
232,296,4.26307e-15,185,0,458,9.3831e-17,440,9.3831e-17
233,328,4.26307e-15,130,0,455,9.3831e-17,439,9.3831e-17
234,398,4.26307e-15,187,0,524,9.3831e-17,451,9.3831e-17
235,289,4.26307e-15,128,0,471,9.3831e-17,408,9.3831e-17
236,289,4.26307e-15,122,0,475,9.3831e-17,414,9.3831e-17
237,305,4.26307e-15,123,0,474,9.3831e-17,415,9.3831e-17
238,293,4.26307e-15,111,0,477,9.3831e-17,415,9.3831e-17
239,310,4.26307e-15,110,0,483,9.3831e-17,421,9.3831e-17
240,290,4.26307e-15,110,0,474,9.3831e-17,419,9.3831e-17
241,293,4.26307e-15,111,0,477,9.3831e-17,423,9.3831e-17
242,399,4.26307e-15,140,0,508,9.3831e-17,430,9.3831e-17
243,296,4.26307e-15,114,0,480,9.3831e-17,424,9.3831e-17
244,296,4.26307e-15,116,0,504,9.3831e-17,428,9.3831e-17
245,306,4.26307e-15,112,0,492,9.3831e-17,429,9.3831e-17
246,304,4.26307e-15,113,0,494,9.3831e-17,437,9.3831e-17
247,301,4.26307e-15,106,0,491,9.3831e-17,430,9.3831e-17
248,331,4.26307e-15,106,0,488,9.3831e-17,433,9.3831e-17
249,298,4.26307e-15,106,0,515,9.3831e-17,520,9.3831e-17
250,347,4.26307e-15,109,0,496,9.3831e-17,593,9.3831e-17
251,432,4.26307e-15,149,0,520,9.3831e-17,441,9.3831e-17
252,324,4.26307e-15,122,0,630,9.3831e-17,490,9.3831e-17
253,315,4.26307e-15,109,0,493,9.3831e-17,487,9.3831e-17
254,308,4.26307e-15,99,0,500,9.3831e-17,443,9.3831e-17
255,310,4.26307e-15,99,0,509,9.3831e-17,466,9.3831e-17
256,347,4.26307e-15,111,0,533,9.3831e-17,514,9.3831e-17
257,412,4.26307e-15,139,0,512,9.3831e-17,451,9.3831e-17
258,316,4.26307e-15,121,0,525,9.3831e-17,452,9.3831e-17
259,311,4.26307e-15,132,0,512,9.3831e-17,453,9.3831e-17
260,312,4.26307e-15,137,0,546,9.3831e-17,466,9.3831e-17
261,318,4.26307e-15,133,0,531,9.3831e-17,459,9.3831e-17
262,317,4.26307e-15,130,0,522,9.3831e-17,473,9.3831e-17
263,318,4.26307e-15,130,0,520,9.3831e-17,461,9.3831e-17
264,324,4.26307e-15,184,0,583,9.3831e-17,462,9.3831e-17
265,339,4.26307e-15,136,0,526,9.3831e-17,467,9.3831e-17
266,322,4.26307e-15,132,0,529,9.3831e-17,467,9.3831e-17
267,324,4.26307e-15,139,0,541,9.3831e-17,468,9.3831e-17
268,323,4.26307e-15,153,0,532,9.3831e-17,468,9.3831e-17
269,325,4.26307e-15,146,0,550,9.3831e-17,475,9.3831e-17
270,328,4.26307e-15,152,0,543,9.3831e-17,473,9.3831e-17
271,333,4.26307e-15,156,0,654,9.3831e-17,486,9.3831e-17
272,336,4.26307e-15,160,0,540,9.3831e-17,480,9.3831e-17
273,336,4.26307e-15,158,0,545,9.3831e-17,501,9.3831e-17
274,334,4.26307e-15,163,0,546,9.3831e-17,482,9.3831e-17
275,334,4.26307e-15,176,0,547,9.3831e-17,486,9.3831e-17
276,347,4.26307e-15,170,0,554,9.3831e-17,482,9.3831e-17
277,339,4.26307e-15,177,0,564,9.3831e-17,516,9.3831e-17
278,521,4.26307e-15,230,0,580,9.3831e-17,579,9.3831e-17
279,360,4.26307e-15,205,0,622,9.3831e-17,659,9.3831e-17
280,461,4.26307e-15,186,0,675,9.3831e-17,489,9.3831e-17
281,341,4.26307e-15,178,0,551,9.3831e-17,509,9.3831e-17
282,345,4.26307e-15,193,0,580,9.3831e-17,505,9.3831e-17
283,364,4.26307e-15,182,0,556,9.3831e-17,513,9.3831e-17
284,474,4.26307e-15,220,0,649,9.3831e-17,502,9.3831e-17
285,344,4.26307e-15,195,0,571,9.3831e-17,521,9.3831e-17
286,343,4.26307e-15,192,0,576,9.3831e-17,502,9.3831e-17
287,353,4.26307e-15,198,0,577,9.3831e-17,510,9.3831e-17
288,352,4.26307e-15,201,0,578,9.3831e-17,501,9.3831e-17
289,354,4.26307e-15,200,0,579,9.3831e-17,563,9.3831e-17
290,427,4.26307e-15,228,0,702,9.3831e-17,507,9.3831e-17
291,358,4.26307e-15,216,0,598,9.3831e-17,512,9.3831e-17
292,353,4.26307e-15,210,0,577,9.3831e-17,509,9.3831e-17
293,355,4.26307e-15,212,0,595,9.3831e-17,514,9.3831e-17
294,361,4.26307e-15,214,0,627,9.3831e-17,531,9.3831e-17
295,360,4.26307e-15,218,0,618,9.3831e-17,544,9.3831e-17
296,385,4.26307e-15,229,0,713,9.3831e-17,580,9.3831e-17
297,359,4.26307e-15,220,0,601,9.3831e-17,519,9.3831e-17
298,360,4.26307e-15,221,0,576,9.3831e-17,520,9.3831e-17
299,361,4.26307e-15,226,0,599,9.3831e-17,518,9.3831e-17
300,363,4.26307e-15,216,0,597,9.3831e-17,521,9.3831e-17
301,367,4.26307e-15,238,0,603,9.3831e-17,527,9.3831e-17
302,366,4.26307e-15,221,0,609,9.3831e-17,642,9.3831e-17
303,400,4.26307e-15,254,0,599,9.3831e-17,528,9.3831e-17
304,367,4.26307e-15,254,0,602,9.3831e-17,546,9.3831e-17
305,371,4.26307e-15,244,0,609,9.3831e-17,528,9.3831e-17
306,372,4.26307e-15,240,0,612,9.3831e-17,559,9.3831e-17
307,379,4.26307e-15,251,0,619,9.3831e-17,536,9.3831e-17
308,379,4.26307e-15,253,0,681,9.3831e-17,591,9.3831e-17
309,380,4.26307e-15,255,0,626,9.3831e-17,541,9.3831e-17
310,385,4.26307e-15,253,0,645,9.3831e-17,542,9.3831e-17
311,388,4.26307e-15,256,0,632,9.3831e-17,552,9.3831e-17
312,380,4.26307e-15,269,0,621,9.3831e-17,548,9.3831e-17
313,400,4.26307e-15,264,0,624,9.3831e-17,542,9.3831e-17
314,391,4.26307e-15,262,0,736,9.3831e-17,549,9.3831e-17
315,379,4.26307e-15,264,0,621,9.3831e-17,560,9.3831e-17
316,379,4.26307e-15,255,0,627,9.3831e-17,546,9.3831e-17
317,383,4.26307e-15,255,0,645,9.3831e-17,550,9.3831e-17
318,386,4.26307e-15,281,0,620,9.3831e-17,555,9.3831e-17
319,386,4.26307e-15,286,0,632,9.3831e-17,552,9.3831e-17
320,433,4.26307e-15,329,0,688,9.3831e-17,573,9.3831e-17
321,401,4.26307e-15,279,0,637,9.3831e-17,583,9.3831e-17
322,389,4.26307e-15,285,0,633,9.3831e-17,569,9.3831e-17
323,391,4.26307e-15,283,0,640,9.3831e-17,562,9.3831e-17
324,393,4.26307e-15,292,0,761,9.3831e-17,614,9.3831e-17
325,392,4.26307e-15,295,0,672,9.3831e-17,669,9.3831e-17
326,396,4.26307e-15,312,0,653,9.3831e-17,576,9.3831e-17
327,401,4.26307e-15,296,0,654,9.3831e-17,581,9.3831e-17
328,403,4.26307e-15,357,0,806,9.3831e-17,592,9.3831e-17
329,413,4.26307e-15,293,0,663,9.3831e-17,575,9.3831e-17
330,396,4.26307e-15,294,0,655,9.3831e-17,704,9.3831e-17
331,459,4.26307e-15,306,0,669,9.3831e-17,576,9.3831e-17
332,409,4.26307e-15,298,0,673,9.3831e-17,585,9.3831e-17
333,412,4.26307e-15,301,0,672,9.3831e-17,582,9.3831e-17
334,412,4.26307e-15,317,0,698,9.3831e-17,582,9.3831e-17
335,405,4.26307e-15,308,0,663,9.3831e-17,591,9.3831e-17
336,476,4.26307e-15,363,0,681,9.3831e-17,592,9.3831e-17
337,409,4.26307e-15,308,0,931,9.3831e-17,675,9.3831e-17
338,427,4.26307e-15,379,0,673,9.3831e-17,587,9.3831e-17
339,504,4.26307e-15,348,0,671,9.3831e-17,682,9.3831e-17
340,415,4.26307e-15,302,0,672,9.3831e-17,616,9.3831e-17
341,530,4.26307e-15,315,0,689,9.3831e-17,603,9.3831e-17
342,417,4.26307e-15,295,0,700,9.3831e-17,592,9.3831e-17
343,414,4.26307e-15,300,0,684,9.3831e-17,604,9.3831e-17
344,438,4.26307e-15,378,0,687,9.3831e-17,601,9.3831e-17
345,414,4.26307e-15,295,0,701,9.3831e-17,594,9.3831e-17
346,418,4.26307e-15,417,0,696,9.3831e-17,610,9.3831e-17
347,420,4.26307e-15,327,0,687,9.3831e-17,604,9.3831e-17
348,423,4.26307e-15,297,0,693,9.3831e-17,615,9.3831e-17
349,431,4.26307e-15,345,0,704,9.3831e-17,610,9.3831e-17
350,431,4.26307e-15,301,0,708,9.3831e-17,613,9.3831e-17
351,427,4.26307e-15,294,0,859,9.3831e-17,611,9.3831e-17
352,453,4.26307e-15,305,0,706,9.3831e-17,612,9.3831e-17
353,435,4.26307e-15,298,0,711,9.3831e-17,612,9.3831e-17
354,425,4.26307e-15,311,0,757,9.3831e-17,650,9.3831e-17
355,442,4.26307e-15,303,0,736,9.3831e-17,620,9.3831e-17
356,431,4.26307e-15,297,0,811,9.3831e-17,628,9.3831e-17
357,470,4.26307e-15,324,0,742,9.3831e-17,619,9.3831e-17
358,437,4.26307e-15,312,0,709,9.3831e-17,631,9.3831e-17
359,500,4.26307e-15,296,0,710,9.3831e-17,645,9.3831e-17
360,437,4.26307e-15,299,0,727,9.3831e-17,630,9.3831e-17
361,440,4.26307e-15,310,0,847,9.3831e-17,623,9.3831e-17
362,490,4.26307e-15,302,0,714,9.3831e-17,642,9.3831e-17
363,442,4.26307e-15,294,0,726,9.3831e-17,641,9.3831e-17
364,438,4.26307e-15,299,0,736,9.3831e-17,634,9.3831e-17
365,440,4.26307e-15,281,0,756,9.3831e-17,638,9.3831e-17
366,452,4.26307e-15,321,0,932,9.3831e-17,653,9.3831e-17
367,445,4.26307e-15,284,0,749,9.3831e-17,677,9.3831e-17
368,466,4.26307e-15,295,0,738,9.3831e-17,646,9.3831e-17
369,464,4.26307e-15,282,0,834,9.3831e-17,638,9.3831e-17
370,448,4.26307e-15,281,0,748,9.3831e-17,645,9.3831e-17
371,551,4.26307e-15,396,0,734,9.3831e-17,647,9.3831e-17
372,479,4.26307e-15,279,0,743,9.3831e-17,644,9.3831e-17
373,499,4.26307e-15,282,0,753,9.3831e-17,647,9.3831e-17
374,452,4.26307e-15,278,0,723,9.3831e-17,647,9.3831e-17
375,460,4.26307e-15,276,0,728,9.3831e-17,745,9.3831e-17
376,506,4.26307e-15,282,0,778,9.3831e-17,661,9.3831e-17
377,462,4.26307e-15,260,0,754,9.3831e-17,708,9.3831e-17
378,511,4.26307e-15,267,0,780,9.3831e-17,735,9.3831e-17
379,487,4.26307e-15,280,0,814,9.3831e-17,685,9.3831e-17
380,466,4.26307e-15,256,0,867,9.3831e-17,755,9.3831e-17
381,464,4.26307e-15,268,0,757,9.3831e-17,673,9.3831e-17
382,462,4.26307e-15,262,0,797,9.3831e-17,668,9.3831e-17
383,464,4.26307e-15,261,0,757,9.3831e-17,669,9.3831e-17
384,478,4.26307e-15,259,0,835,9.3831e-17,781,9.3831e-17
385,535,4.26307e-15,393,0,1031,9.3831e-17,831,9.3831e-17
386,528,4.26307e-15,254,0,794,9.3831e-17,667,9.3831e-17
387,468,4.26307e-15,251,0,766,9.3831e-17,672,9.3831e-17
388,481,4.26307e-15,279,0,801,9.3831e-17,686,9.3831e-17
389,473,4.26307e-15,249,0,774,9.3831e-17,788,9.3831e-17
390,494,4.26307e-15,254,0,765,9.3831e-17,682,9.3831e-17
391,485,4.26307e-15,247,0,784,9.3831e-17,716,9.3831e-17
392,472,4.26307e-15,251,0,786,9.3831e-17,685,9.3831e-17
393,485,4.26307e-15,238,0,792,9.3831e-17,725,9.3831e-17
394,511,4.26307e-15,262,0,969,9.3831e-17,762,9.3831e-17
395,505,4.26307e-15,254,0,828,9.3831e-17,695,9.3831e-17
396,486,4.26307e-15,235,0,774,9.3831e-17,705,9.3831e-17
397,490,4.26307e-15,261,0,793,9.3831e-17,717,9.3831e-17
398,479,4.26307e-15,237,0,807,9.3831e-17,700,9.3831e-17
399,490,4.26307e-15,294,0,838,9.3831e-17,714,9.3831e-17
400,487,4.26307e-15,236,0,790,9.3831e-17,690,9.3831e-17
401,487,4.26307e-15,219,0,804,9.3831e-17,696,9.3831e-17
402,486,4.26307e-15,228,0,800,9.3831e-17,709,9.3831e-17
403,492,4.26307e-15,221,0,809,9.3831e-17,702,9.3831e-17
404,623,4.26307e-15,237,0,810,9.3831e-17,705,9.3831e-17
405,495,4.26307e-15,232,0,968,9.3831e-17,880,9.3831e-17
406,497,4.26307e-15,240,0,884,9.3831e-17,747,9.3831e-17
407,540,4.26307e-15,265,0,844,9.3831e-17,719,9.3831e-17
408,497,4.26307e-15,216,0,969,9.3831e-17,728,9.3831e-17
409,502,4.26307e-15,267,0,816,9.3831e-17,743,9.3831e-17
410,497,4.26307e-15,259,0,825,9.3831e-17,724,9.3831e-17
411,497,4.26307e-15,266,0,798,9.3831e-17,717,9.3831e-17
412,497,4.26307e-15,213,0,800,9.3831e-17,831,9.3831e-17
413,546,4.26307e-15,231,0,823,9.3831e-17,719,9.3831e-17
414,510,4.26307e-15,218,0,823,9.3831e-17,730,9.3831e-17
415,498,4.26307e-15,215,0,838,9.3831e-17,727,9.3831e-17
416,503,4.26307e-15,217,0,829,9.3831e-17,726,9.3831e-17
417,560,4.26307e-15,209,0,981,9.3831e-17,728,9.3831e-17
418,510,4.26307e-15,208,0,839,9.3831e-17,731,9.3831e-17
419,505,4.26307e-15,197,0,837,9.3831e-17,736,9.3831e-17
420,504,4.26307e-15,205,0,863,9.3831e-17,774,9.3831e-17
421,534,4.26307e-15,223,0,832,9.3831e-17,727,9.3831e-17
422,672,4.26307e-15,203,0,856,9.3831e-17,745,9.3831e-17
423,511,4.26307e-15,198,0,841,9.3831e-17,738,9.3831e-17
424,524,4.26307e-15,199,0,846,9.3831e-17,749,9.3831e-17
425,514,4.26307e-15,190,0,857,9.3831e-17,745,9.3831e-17
426,529,4.26307e-15,191,0,884,9.3831e-17,795,9.3831e-17
427,524,4.26307e-15,196,0,863,9.3831e-17,750,9.3831e-17
428,528,4.26307e-15,198,0,863,9.3831e-17,747,9.3831e-17
429,520,4.26307e-15,184,0,855,9.3831e-17,789,9.3831e-17
430,551,4.26307e-15,193,0,897,9.3831e-17,812,9.3831e-17
431,642,4.26307e-15,184,0,846,9.3831e-17,753,9.3831e-17
432,518,4.26307e-15,177,0,867,9.3831e-17,756,9.3831e-17
433,519,4.26307e-15,180,0,839,9.3831e-17,763,9.3831e-17
434,523,4.26307e-15,178,0,847,9.3831e-17,754,9.3831e-17
435,529,4.26307e-15,179,0,993,9.3831e-17,793,9.3831e-17
436,528,4.26307e-15,185,0,853,9.3831e-17,770,9.3831e-17
437,530,4.26307e-15,179,0,860,9.3831e-17,758,9.3831e-17
438,540,4.26307e-15,177,0,868,9.3831e-17,760,9.3831e-17
439,530,4.26307e-15,170,0,878,9.3831e-17,765,9.3831e-17
440,674,4.26307e-15,173,0,868,9.3831e-17,782,9.3831e-17
441,539,4.26307e-15,178,0,888,9.3831e-17,780,9.3831e-17
442,541,4.26307e-15,188,0,890,9.3831e-17,768,9.3831e-17
443,545,4.26307e-15,173,0,894,9.3831e-17,789,9.3831e-17
444,543,4.26307e-15,172,0,1047,9.3831e-17,773,9.3831e-17
445,554,4.26307e-15,171,0,880,9.3831e-17,772,9.3831e-17
446,540,4.26307e-15,167,0,908,9.3831e-17,768,9.3831e-17
447,544,4.26307e-15,178,0,890,9.3831e-17,781,9.3831e-17
448,543,4.26307e-15,171,0,886,9.3831e-17,955,9.3831e-17
449,576,4.26307e-15,175,0,888,9.3831e-17,781,9.3831e-17
450,548,4.26307e-15,167,0,893,9.3831e-17,775,9.3831e-17
451,545,4.26307e-15,168,0,875,9.3831e-17,787,9.3831e-17
452,545,4.26307e-15,167,0,878,9.3831e-17,785,9.3831e-17
453,643,4.26307e-15,176,0,953,9.3831e-17,797,9.3831e-17
454,553,4.26307e-15,159,0,901,9.3831e-17,794,9.3831e-17
455,553,4.26307e-15,157,0,905,9.3831e-17,804,9.3831e-17
456,554,4.26307e-15,155,0,926,9.3831e-17,791,9.3831e-17
457,551,4.26307e-15,158,0,1056,9.3831e-17,804,9.3831e-17
458,557,4.26307e-15,153,0,920,9.3831e-17,796,9.3831e-17
459,556,4.26307e-15,158,0,922,9.3831e-17,866,9.3831e-17
460,553,4.26307e-15,163,0,925,9.3831e-17,912,9.3831e-17
461,617,4.26307e-15,180,0,952,9.3831e-17,1041,9.3831e-17
462,563,4.26307e-15,155,0,938,9.3831e-17,916,9.3831e-17
463,574,4.26307e-15,207,0,928,9.3831e-17,824,9.3831e-17
464,560,4.26307e-15,151,0,930,9.3831e-17,805,9.3831e-17
465,568,4.26307e-15,150,0,930,9.3831e-17,946,9.3831e-17
466,573,4.26307e-15,147,0,946,9.3831e-17,813,9.3831e-17
467,636,4.26307e-15,189,0,1053,9.3831e-17,806,9.3831e-17
468,591,4.26307e-15,191,0,1125,9.3831e-17,858,9.3831e-17
469,579,4.26307e-15,154,0,943,9.3831e-17,1050,9.3831e-17
470,608,4.26307e-15,147,0,951,9.3831e-17,959,9.3831e-17
471,574,4.26307e-15,149,0,950,9.3831e-17,910,9.3831e-17
472,613,4.26307e-15,158,0,960,9.3831e-17,821,9.3831e-17
473,572,4.26307e-15,145,0,946,9.3831e-17,946,9.3831e-17
474,594,4.26307e-15,149,0,980,9.3831e-17,834,9.3831e-17
475,594,4.26307e-15,145,0,999,9.3831e-17,951,9.3831e-17
476,676,4.26307e-15,151,0,1057,9.3831e-17,1001,9.3831e-17
477,595,4.26307e-15,154,0,960,9.3831e-17,1331,9.3831e-17
478,793,4.26307e-15,185,0,1194,9.3831e-17,1004,9.3831e-17
479,620,4.26307e-15,155,0,1111,9.3831e-17,925,9.3831e-17
480,699,4.26307e-15,190,0,1060,9.3831e-17,906,9.3831e-17
481,651,4.26307e-15,390,0,1005,9.3831e-17,869,9.3831e-17
482,695,4.26307e-15,189,0,1166,9.3831e-17,950,9.3831e-17
483,682,4.26307e-15,183,0,1058,9.3831e-17,1053,9.3831e-17
484,807,4.26307e-15,192,0,1153,9.3831e-17,1223,9.3831e-17
485,619,4.26307e-15,140,0,980,9.3831e-17,883,9.3831e-17
486,626,4.26307e-15,146,0,1060,9.3831e-17,842,9.3831e-17
487,588,4.26307e-15,132,0,969,9.3831e-17,867,9.3831e-17
488,590,4.26307e-15,135,0,1119,9.3831e-17,1095,9.3831e-17
489,652,4.26307e-15,152,0,1037,9.3831e-17,949,9.3831e-17
490,614,4.26307e-15,143,0,987,9.3831e-17,858,9.3831e-17
491,593,4.26307e-15,181,0,965,9.3831e-17,913,9.3831e-17
492,601,4.26307e-15,143,0,1203,9.3831e-17,855,9.3831e-17
493,594,4.26307e-15,135,0,974,9.3831e-17,871,9.3831e-17
494,605,4.26307e-15,136,0,981,9.3831e-17,865,9.3831e-17
495,663,4.26307e-15,136,0,987,9.3831e-17,866,9.3831e-17
496,602,4.26307e-15,128,0,1161,9.3831e-17,911,9.3831e-17
497,612,4.26307e-15,137,0,1060,9.3831e-17,981,9.3831e-17
498,673,4.26307e-15,154,0,1004,9.3831e-17,873,9.3831e-17
499,617,4.26307e-15,132,0,993,9.3831e-17,881,9.3831e-17
500,613,4.26307e-15,131,0,1247,9.3831e-17,880,9.3831e-17
501,630,4.26307e-15,136,0,1013,9.3831e-17,874,9.3831e-17
502,610,4.26307e-15,129,0,1008,9.3831e-17,886,9.3831e-17
503,620,4.26307e-15,132,0,1082,9.3831e-17,885,9.3831e-17
504,869,4.26307e-15,185,0,1204,9.3831e-17,1194,9.3831e-17
505,612,4.26307e-15,139,0,1006,9.3831e-17,901,9.3831e-17
506,610,4.26307e-15,128,0,1012,9.3831e-17,880,9.3831e-17
507,621,4.26307e-15,123,0,1008,9.3831e-17,1037,9.3831e-17
508,686,4.26307e-15,136,0,1028,9.3831e-17,897,9.3831e-17
509,613,4.26307e-15,124,0,1023,9.3831e-17,933,9.3831e-17
510,620,4.26307e-15,131,0,1028,9.3831e-17,891,9.3831e-17
511,617,4.26307e-15,123,0,1023,9.3831e-17,1028,9.3831e-17
512,660,4.26307e-15,125,0,1011,9.3831e-17,947,9.3831e-17
513,794,4.26307e-15,208,0,1024,9.3831e-17,1024,9.3831e-17
514,644,4.26307e-15,176,0,1019,9.3831e-17,963,9.3831e-17
515,716,4.26307e-15,179,0,1377,9.3831e-17,1020,9.3831e-17
516,736,4.26307e-15,249,0,1111,9.3831e-17,948,9.3831e-17
517,666,4.26307e-15,179,0,1069,9.3831e-17,919,9.3831e-17
518,679,4.26307e-15,210,0,1155,9.3831e-17,1196,9.3831e-17
519,840,4.26307e-15,266,0,1260,9.3831e-17,999,9.3831e-17
520,755,4.26307e-15,212,0,1343,9.3831e-17,1087,9.3831e-17
521,776,4.26307e-15,214,0,1119,9.3831e-17,936,9.3831e-17
522,809,4.26307e-15,198,0,1202,9.3831e-17,1228,9.3831e-17
523,799,4.26307e-15,197,0,1177,9.3831e-17,973,9.3831e-17
524,749,4.26307e-15,221,0,1160,9.3831e-17,1157,9.3831e-17
525,801,4.26307e-15,289,0,1471,9.3831e-17,1247,9.3831e-17
526,777,4.26307e-15,252,0,1296,9.3831e-17,1011,9.3831e-17
527,686,4.26307e-15,200,0,1146,9.3831e-17,985,9.3831e-17
528,696,4.26307e-15,196,0,1176,9.3831e-17,930,9.3831e-17
529,641,4.26307e-15,197,0,1079,9.3831e-17,933,9.3831e-17
530,648,4.26307e-15,184,0,1487,9.3831e-17,1365,9.3831e-17
531,914,4.26307e-15,272,0,1585,9.3831e-17,1367,9.3831e-17
532,921,4.26307e-15,287,0,1456,9.3831e-17,1384,9.3831e-17
533,944,4.26307e-15,272,0,1449,9.3831e-17,1388,9.3831e-17
534,1050,4.26307e-15,270,0,1447,9.3831e-17,1385,9.3831e-17
535,871,4.26307e-15,259,0,1494,9.3831e-17,1374,9.3831e-17
536,921,4.26307e-15,285,0,1493,9.3831e-17,1502,9.3831e-17
537,949,4.26307e-15,293,0,1465,9.3831e-17,1407,9.3831e-17
538,935,4.26307e-15,291,0,1473,9.3831e-17,1402,9.3831e-17
539,901,4.26307e-15,306,0,1632,9.3831e-17,1163,9.3831e-17
540,655,4.26307e-15,207,0,1111,9.3831e-17,953,9.3831e-17
541,664,4.26307e-15,204,0,1095,9.3831e-17,953,9.3831e-17
542,660,4.26307e-15,200,0,1075,9.3831e-17,1056,9.3831e-17
543,656,4.26307e-15,203,0,1086,9.3831e-17,963,9.3831e-17
544,661,4.26307e-15,203,0,1087,9.3831e-17,948,9.3831e-17
545,665,4.26307e-15,203,0,1092,9.3831e-17,953,9.3831e-17
546,739,4.26307e-15,213,0,1518,9.3831e-17,1137,9.3831e-17
547,769,4.26307e-15,273,0,1085,9.3831e-17,957,9.3831e-17
548,725,4.26307e-15,277,0,1097,9.3831e-17,946,9.3831e-17
549,696,4.26307e-15,214,0,1367,9.3831e-17,1010,9.3831e-17
550,706,4.26307e-15,215,0,1094,9.3831e-17,1061,9.3831e-17
551,733,4.26307e-15,254,0,1219,9.3831e-17,1219,9.3831e-17
552,749,4.26307e-15,239,0,1092,9.3831e-17,1132,9.3831e-17
553,666,4.26307e-15,249,0,1101,9.3831e-17,1024,9.3831e-17
554,672,4.26307e-15,224,0,1141,9.3831e-17,984,9.3831e-17
555,674,4.26307e-15,226,0,1072,9.3831e-17,968,9.3831e-17
556,671,4.26307e-15,219,0,1331,9.3831e-17,981,9.3831e-17
557,671,4.26307e-15,226,0,1105,9.3831e-17,976,9.3831e-17
558,675,4.26307e-15,219,0,1105,9.3831e-17,981,9.3831e-17
559,684,4.26307e-15,219,0,1092,9.3831e-17,1157,9.3831e-17
560,683,4.26307e-15,232,0,1114,9.3831e-17,992,9.3831e-17
561,689,4.26307e-15,224,0,1131,9.3831e-17,980,9.3831e-17
562,699,4.26307e-15,222,0,1131,9.3831e-17,986,9.3831e-17
563,729,4.26307e-15,266,0,1200,9.3831e-17,997,9.3831e-17
564,714,4.26307e-15,229,0,1128,9.3831e-17,1015,9.3831e-17
565,738,4.26307e-15,242,0,1177,9.3831e-17,1137,9.3831e-17
566,689,4.26307e-15,267,0,1251,9.3831e-17,1043,9.3831e-17
567,689,4.26307e-15,247,0,1140,9.3831e-17,989,9.3831e-17
568,697,4.26307e-15,230,0,1154,9.3831e-17,989,9.3831e-17
569,696,4.26307e-15,236,0,1160,9.3831e-17,995,9.3831e-17
570,794,4.26307e-15,253,0,1143,9.3831e-17,998,9.3831e-17
571,691,4.26307e-15,244,0,1164,9.3831e-17,1006,9.3831e-17
572,687,4.26307e-15,244,0,1150,9.3831e-17,995,9.3831e-17
573,691,4.26307e-15,238,0,1255,9.3831e-17,999,9.3831e-17
574,693,4.26307e-15,246,0,1142,9.3831e-17,1011,9.3831e-17
575,692,4.26307e-15,238,0,1150,9.3831e-17,1015,9.3831e-17
576,725,4.26307e-15,256,0,1137,9.3831e-17,1135,9.3831e-17
577,719,4.26307e-15,250,0,1153,9.3831e-17,1022,9.3831e-17
578,699,4.26307e-15,249,0,1156,9.3831e-17,1029,9.3831e-17
579,702,4.26307e-15,247,0,1127,9.3831e-17,1026,9.3831e-17
580,778,4.26307e-15,279,0,1159,9.3831e-17,1015,9.3831e-17
581,720,4.26307e-15,257,0,1164,9.3831e-17,1009,9.3831e-17
582,712,4.26307e-15,256,0,1163,9.3831e-17,1008,9.3831e-17
583,714,4.26307e-15,260,0,1324,9.3831e-17,1158,9.3831e-17
584,803,4.26307e-15,286,0,1507,9.3831e-17,1288,9.3831e-17
585,899,4.26307e-15,354,0,1355,9.3831e-17,1219,9.3831e-17
586,855,4.26307e-15,494,0,1487,9.3831e-17,1271,9.3831e-17
587,823,4.26307e-15,264,0,1231,9.3831e-17,1122,9.3831e-17
588,929,4.26307e-15,267,0,1178,9.3831e-17,1205,9.3831e-17
589,993,4.26307e-15,289,0,1167,9.3831e-17,1033,9.3831e-17
590,738,4.26307e-15,280,0,1181,9.3831e-17,1105,9.3831e-17
591,810,4.26307e-15,303,0,1169,9.3831e-17,1045,9.3831e-17
592,715,4.26307e-15,305,0,1260,9.3831e-17,1050,9.3831e-17
593,718,4.26307e-15,296,0,1188,9.3831e-17,1036,9.3831e-17
594,719,4.26307e-15,270,0,1196,9.3831e-17,1037,9.3831e-17
595,712,4.26307e-15,264,0,1376,9.3831e-17,1059,9.3831e-17
596,733,4.26307e-15,278,0,1239,9.3831e-17,1047,9.3831e-17
597,733,4.26307e-15,269,0,1217,9.3831e-17,1045,9.3831e-17
598,726,4.26307e-15,263,0,1242,9.3831e-17,1350,9.3831e-17
599,739,4.26307e-15,305,0,1194,9.3831e-17,1048,9.3831e-17
600,734,4.26307e-15,279,0,1201,9.3831e-17,1059,9.3831e-17
601,737,4.26307e-15,282,0,1200,9.3831e-17,1279,9.3831e-17
602,732,4.26307e-15,301,0,1214,9.3831e-17,1079,9.3831e-17
603,793,4.26307e-15,273,0,1225,9.3831e-17,1080,9.3831e-17
604,752,4.26307e-15,298,0,1200,9.3831e-17,1309,9.3831e-17
605,915,4.26307e-15,288,0,1194,9.3831e-17,1050,9.3831e-17
606,762,4.26307e-15,312,0,1220,9.3831e-17,1059,9.3831e-17
607,749,4.26307e-15,290,0,1212,9.3831e-17,1053,9.3831e-17
608,957,4.26307e-15,286,0,1204,9.3831e-17,1085,9.3831e-17
609,769,4.26307e-15,288,0,1201,9.3831e-17,1457,9.3831e-17
610,807,4.26307e-15,285,0,1286,9.3831e-17,1098,9.3831e-17
611,926,4.26307e-15,293,0,1216,9.3831e-17,1079,9.3831e-17
612,762,4.26307e-15,288,0,1224,9.3831e-17,1114,9.3831e-17
613,746,4.26307e-15,310,0,1202,9.3831e-17,1084,9.3831e-17
614,953,4.26307e-15,384,0,1397,9.3831e-17,1140,9.3831e-17
615,792,4.26307e-15,343,0,1318,9.3831e-17,1171,9.3831e-17
616,846,4.26307e-15,392,0,1347,9.3831e-17,1714,9.3831e-17
617,1029,4.26307e-15,422,0,1615,9.3831e-17,1328,9.3831e-17
618,867,4.26307e-15,320,0,1287,9.3831e-17,1148,9.3831e-17
619,930,4.26307e-15,323,0,1584,9.3831e-17,1118,9.3831e-17
620,887,4.26307e-15,320,0,1316,9.3831e-17,1186,9.3831e-17
621,813,4.26307e-15,388,0,1515,9.3831e-17,1541,9.3831e-17
622,1265,4.26307e-15,425,0,1358,9.3831e-17,1181,9.3831e-17
623,915,4.26307e-15,370,0,1319,9.3831e-17,1141,9.3831e-17
624,762,4.26307e-15,309,0,1233,9.3831e-17,1315,9.3831e-17
625,755,4.26307e-15,311,0,1266,9.3831e-17,1130,9.3831e-17
626,804,4.26307e-15,309,0,1469,9.3831e-17,1704,9.3831e-17
627,1116,4.26307e-15,306,0,1442,9.3831e-17,1219,9.3831e-17
628,808,4.26307e-15,328,0,1317,9.3831e-17,1110,9.3831e-17
629,762,4.26307e-15,317,0,1254,9.3831e-17,1138,9.3831e-17
630,763,4.26307e-15,313,0,1428,9.3831e-17,1195,9.3831e-17
631,767,4.26307e-15,328,0,1385,9.3831e-17,1126,9.3831e-17
632,794,4.26307e-15,310,0,1264,9.3831e-17,1127,9.3831e-17
633,770,4.26307e-15,311,0,1412,9.3831e-17,1149,9.3831e-17
634,831,4.26307e-15,340,0,1326,9.3831e-17,1216,9.3831e-17
635,809,4.26307e-15,349,0,1338,9.3831e-17,1137,9.3831e-17
636,781,4.26307e-15,423,0,1271,9.3831e-17,1102,9.3831e-17
637,766,4.26307e-15,353,0,1270,9.3831e-17,1112,9.3831e-17
638,785,4.26307e-15,330,0,1258,9.3831e-17,1124,9.3831e-17
639,800,4.26307e-15,455,0,1376,9.3831e-17,1161,9.3831e-17
640,818,4.26307e-15,367,0,1276,9.3831e-17,1169,9.3831e-17
641,836,4.26307e-15,334,0,1270,9.3831e-17,1502,9.3831e-17
642,1053,4.26307e-15,339,0,1431,9.3831e-17,1172,9.3831e-17
643,787,4.26307e-15,403,0,1426,9.3831e-17,1205,9.3831e-17
644,778,4.26307e-15,362,0,1282,9.3831e-17,1395,9.3831e-17
645,810,4.26307e-15,331,0,1292,9.3831e-17,1222,9.3831e-17
646,805,4.26307e-15,337,0,1277,9.3831e-17,1144,9.3831e-17
647,790,4.26307e-15,333,0,1293,9.3831e-17,1284,9.3831e-17
648,791,4.26307e-15,339,0,1294,9.3831e-17,1140,9.3831e-17
649,797,4.26307e-15,343,0,1303,9.3831e-17,1137,9.3831e-17
650,790,4.26307e-15,341,0,1360,9.3831e-17,1206,9.3831e-17
651,791,4.26307e-15,347,0,1314,9.3831e-17,1137,9.3831e-17
652,801,4.26307e-15,342,0,1330,9.3831e-17,1151,9.3831e-17
653,790,4.26307e-15,350,0,1468,9.3831e-17,1350,9.3831e-17
654,856,4.26307e-15,369,0,1326,9.3831e-17,1148,9.3831e-17
655,808,4.26307e-15,344,0,1296,9.3831e-17,1140,9.3831e-17
656,914,4.26307e-15,341,0,1459,9.3831e-17,1229,9.3831e-17
657,806,4.26307e-15,351,0,1321,9.3831e-17,1216,9.3831e-17
658,790,4.26307e-15,344,0,1378,9.3831e-17,1161,9.3831e-17
659,876,4.26307e-15,411,0,1317,9.3831e-17,1152,9.3831e-17
660,798,4.26307e-15,344,0,1313,9.3831e-17,1155,9.3831e-17
661,797,4.26307e-15,355,0,1419,9.3831e-17,1158,9.3831e-17
662,967,4.26307e-15,364,0,1338,9.3831e-17,1169,9.3831e-17
663,839,4.26307e-15,345,0,1381,9.3831e-17,1213,9.3831e-17
664,807,4.26307e-15,344,0,1352,9.3831e-17,1282,9.3831e-17
665,817,4.26307e-15,354,0,1329,9.3831e-17,1175,9.3831e-17
666,818,4.26307e-15,348,0,1346,9.3831e-17,1175,9.3831e-17
667,810,4.26307e-15,348,0,1341,9.3831e-17,1313,9.3831e-17
668,802,4.26307e-15,349,0,1322,9.3831e-17,1186,9.3831e-17
669,853,4.26307e-15,370,0,1409,9.3831e-17,1241,9.3831e-17
670,846,4.26307e-15,357,0,1439,9.3831e-17,1166,9.3831e-17
671,834,4.26307e-15,352,0,1379,9.3831e-17,1185,9.3831e-17
672,824,4.26307e-15,367,0,1367,9.3831e-17,1201,9.3831e-17
673,879,4.26307e-15,517,0,1593,9.3831e-17,1236,9.3831e-17
674,835,4.26307e-15,349,0,1352,9.3831e-17,1170,9.3831e-17
675,848,4.26307e-15,348,0,1362,9.3831e-17,1185,9.3831e-17
676,1029,4.26307e-15,349,0,1359,9.3831e-17,1187,9.3831e-17
677,854,4.26307e-15,350,0,1325,9.3831e-17,1281,9.3831e-17
678,831,4.26307e-15,345,0,1334,9.3831e-17,1486,9.3831e-17
679,926,4.26307e-15,360,0,1387,9.3831e-17,1197,9.3831e-17
680,828,4.26307e-15,349,0,1410,9.3831e-17,1241,9.3831e-17
681,829,4.26307e-15,351,0,1573,9.3831e-17,1186,9.3831e-17
682,854,4.26307e-15,391,0,1360,9.3831e-17,1189,9.3831e-17
683,843,4.26307e-15,345,0,1353,9.3831e-17,1202,9.3831e-17
684,854,4.26307e-15,518,0,1389,9.3831e-17,1221,9.3831e-17
685,863,4.26307e-15,361,0,1422,9.3831e-17,1212,9.3831e-17
686,846,4.26307e-15,382,0,1449,9.3831e-17,1346,9.3831e-17
687,873,4.26307e-15,352,0,1370,9.3831e-17,1196,9.3831e-17
688,838,4.26307e-15,341,0,1364,9.3831e-17,1200,9.3831e-17
689,852,4.26307e-15,338,0,1367,9.3831e-17,1359,9.3831e-17
690,850,4.26307e-15,354,0,1377,9.3831e-17,1210,9.3831e-17
691,857,4.26307e-15,344,0,1395,9.3831e-17,1234,9.3831e-17
692,837,4.26307e-15,347,0,1534,9.3831e-17,1210,9.3831e-17
693,909,4.26307e-15,351,0,1477,9.3831e-17,1300,9.3831e-17
694,857,4.26307e-15,362,0,1410,9.3831e-17,1232,9.3831e-17
695,1039,4.26307e-15,431,0,1488,9.3831e-17,1325,9.3831e-17
696,844,4.26307e-15,344,0,1383,9.3831e-17,1236,9.3831e-17
697,842,4.26307e-15,342,0,1395,9.3831e-17,1430,9.3831e-17
698,856,4.26307e-15,396,0,1402,9.3831e-17,1225,9.3831e-17
699,866,4.26307e-15,349,0,1488,9.3831e-17,1231,9.3831e-17
700,866,4.26307e-15,350,0,1491,9.3831e-17,1238,9.3831e-17
701,864,4.26307e-15,357,0,1550,9.3831e-17,1235,9.3831e-17
702,924,4.26307e-15,358,0,1577,9.3831e-17,1260,9.3831e-17
703,953,4.26307e-15,383,0,1407,9.3831e-17,1362,9.3831e-17
704,986,4.26307e-15,444,0,1558,9.3831e-17,1253,9.3831e-17
705,850,4.26307e-15,351,0,1400,9.3831e-17,1476,9.3831e-17
706,899,4.26307e-15,363,0,1454,9.3831e-17,1232,9.3831e-17
707,859,4.26307e-15,346,0,1407,9.3831e-17,1223,9.3831e-17
708,857,4.26307e-15,352,0,1536,9.3831e-17,1280,9.3831e-17
709,926,4.26307e-15,371,0,1553,9.3831e-17,1386,9.3831e-17
710,896,4.26307e-15,396,0,1646,9.3831e-17,1370,9.3831e-17
711,947,4.26307e-15,356,0,1417,9.3831e-17,1329,9.3831e-17
712,951,4.26307e-15,387,0,1431,9.3831e-17,1344,9.3831e-17
713,950,4.26307e-15,365,0,1626,9.3831e-17,1355,9.3831e-17
714,867,4.26307e-15,351,0,1730,9.3831e-17,1252,9.3831e-17
715,875,4.26307e-15,353,0,1412,9.3831e-17,1246,9.3831e-17
716,1012,4.26307e-15,391,0,1403,9.3831e-17,1253,9.3831e-17
717,873,4.26307e-15,342,0,1422,9.3831e-17,1269,9.3831e-17
718,872,4.26307e-15,354,0,1470,9.3831e-17,1413,9.3831e-17
719,900,4.26307e-15,380,0,1461,9.3831e-17,1248,9.3831e-17
720,870,4.26307e-15,346,0,1464,9.3831e-17,1260,9.3831e-17
721,873,4.26307e-15,371,0,1572,9.3831e-17,1256,9.3831e-17
722,894,4.26307e-15,354,0,1415,9.3831e-17,1266,9.3831e-17
723,871,4.26307e-15,346,0,1435,9.3831e-17,1271,9.3831e-17
724,1025,4.26307e-15,348,0,1524,9.3831e-17,1254,9.3831e-17
725,872,4.26307e-15,349,0,1457,9.3831e-17,1442,9.3831e-17
726,1055,4.26307e-15,462,0,1936,9.3831e-17,1462,9.3831e-17
727,877,4.26307e-15,342,0,1456,9.3831e-17,1273,9.3831e-17
728,930,4.26307e-15,329,0,1456,9.3831e-17,1379,9.3831e-17
729,1036,4.26307e-15,375,0,1484,9.3831e-17,1338,9.3831e-17
730,902,4.26307e-15,336,0,1476,9.3831e-17,1272,9.3831e-17
731,960,4.26307e-15,331,0,1572,9.3831e-17,1272,9.3831e-17
732,874,4.26307e-15,328,0,1458,9.3831e-17,1261,9.3831e-17
733,884,4.26307e-15,332,0,1488,9.3831e-17,1322,9.3831e-17
734,925,4.26307e-15,502,0,1472,9.3831e-17,1324,9.3831e-17
735,930,4.26307e-15,382,0,1784,9.3831e-17,1295,9.3831e-17
736,953,4.26307e-15,341,0,1523,9.3831e-17,1809,9.3831e-17
737,965,4.26307e-15,380,0,1496,9.3831e-17,1314,9.3831e-17
738,903,4.26307e-15,329,0,1466,9.3831e-17,1307,9.3831e-17
739,1010,4.26307e-15,344,0,1489,9.3831e-17,1330,9.3831e-17
740,1002,4.26307e-15,333,0,1793,9.3831e-17,1281,9.3831e-17
741,931,4.26307e-15,333,0,1470,9.3831e-17,1483,9.3831e-17
742,913,4.26307e-15,347,0,1575,9.3831e-17,1330,9.3831e-17
743,946,4.26307e-15,335,0,1505,9.3831e-17,1294,9.3831e-17
744,911,4.26307e-15,491,0,1475,9.3831e-17,1303,9.3831e-17
745,928,4.26307e-15,334,0,1483,9.3831e-17,1308,9.3831e-17
746,897,4.26307e-15,323,0,1482,9.3831e-17,1414,9.3831e-17
747,909,4.26307e-15,329,0,1493,9.3831e-17,1304,9.3831e-17
748,906,4.26307e-15,327,0,1493,9.3831e-17,1307,9.3831e-17
749,1046,4.26307e-15,342,0,1644,9.3831e-17,1396,9.3831e-17
750,897,4.26307e-15,330,0,1548,9.3831e-17,1412,9.3831e-17
751,1009,4.26307e-15,393,0,1522,9.3831e-17,1597,9.3831e-17
752,968,4.26307e-15,329,0,1502,9.3831e-17,1340,9.3831e-17
753,899,4.26307e-15,306,0,1533,9.3831e-17,1332,9.3831e-17
754,910,4.26307e-15,314,0,1653,9.3831e-17,1312,9.3831e-17
755,915,4.26307e-15,317,0,1516,9.3831e-17,1383,9.3831e-17
756,935,4.26307e-15,305,0,1499,9.3831e-17,1469,9.3831e-17
757,937,4.26307e-15,310,0,1571,9.3831e-17,1420,9.3831e-17
758,987,4.26307e-15,380,0,1640,9.3831e-17,1465,9.3831e-17
759,976,4.26307e-15,346,0,1892,9.3831e-17,1670,9.3831e-17
760,931,4.26307e-15,311,0,1510,9.3831e-17,1453,9.3831e-17
761,1003,4.26307e-15,392,0,1944,9.3831e-17,1594,9.3831e-17
762,956,4.26307e-15,319,0,1534,9.3831e-17,1341,9.3831e-17
763,919,4.26307e-15,310,0,1628,9.3831e-17,1386,9.3831e-17
764,1187,4.26307e-15,313,0,1557,9.3831e-17,1394,9.3831e-17
765,1097,4.26307e-15,307,0,1578,9.3831e-17,1431,9.3831e-17
766,938,4.26307e-15,312,0,1652,9.3831e-17,1380,9.3831e-17
767,926,4.26307e-15,316,0,1551,9.3831e-17,1346,9.3831e-17
768,928,4.26307e-15,319,0,1523,9.3831e-17,1391,9.3831e-17
769,1199,4.26307e-15,312,0,1521,9.3831e-17,1349,9.3831e-17
770,927,4.26307e-15,308,0,1531,9.3831e-17,1356,9.3831e-17
771,946,4.26307e-15,307,0,1677,9.3831e-17,1363,9.3831e-17
772,982,4.26307e-15,304,0,1553,9.3831e-17,1366,9.3831e-17
773,945,4.26307e-15,309,0,1599,9.3831e-17,1403,9.3831e-17
774,1198,4.26307e-15,382,0,1655,9.3831e-17,1412,9.3831e-17
775,987,4.26307e-15,404,0,1923,9.3831e-17,1437,9.3831e-17
776,948,4.26307e-15,364,0,2165,9.3831e-17,1459,9.3831e-17
777,1188,4.26307e-15,413,0,1733,9.3831e-17,1579,9.3831e-17
778,968,4.26307e-15,334,0,1834,9.3831e-17,1513,9.3831e-17
779,1004,4.26307e-15,305,0,1598,9.3831e-17,1412,9.3831e-17
780,959,4.26307e-15,303,0,1531,9.3831e-17,1682,9.3831e-17
781,945,4.26307e-15,300,0,1578,9.3831e-17,1361,9.3831e-17
782,953,4.26307e-15,295,0,1663,9.3831e-17,1354,9.3831e-17
783,962,4.26307e-15,300,0,1770,9.3831e-17,1388,9.3831e-17
784,942,4.26307e-15,302,0,1553,9.3831e-17,1389,9.3831e-17
785,1024,4.26307e-15,338,0,1571,9.3831e-17,1770,9.3831e-17
786,1098,4.26307e-15,352,0,1731,9.3831e-17,1438,9.3831e-17
787,1020,4.26307e-15,308,0,1679,9.3831e-17,1364,9.3831e-17
788,1073,4.26307e-15,300,0,1577,9.3831e-17,1360,9.3831e-17
789,976,4.26307e-15,295,0,1570,9.3831e-17,1383,9.3831e-17
790,957,4.26307e-15,295,0,1649,9.3831e-17,1414,9.3831e-17
791,1036,4.26307e-15,290,0,1576,9.3831e-17,1375,9.3831e-17
792,952,4.26307e-15,281,0,1573,9.3831e-17,1369,9.3831e-17
793,1085,4.26307e-15,284,0,1569,9.3831e-17,1404,9.3831e-17
794,953,4.26307e-15,285,0,1578,9.3831e-17,1375,9.3831e-17
795,1003,4.26307e-15,285,0,1807,9.3831e-17,1434,9.3831e-17
796,981,4.26307e-15,298,0,1575,9.3831e-17,1407,9.3831e-17
797,959,4.26307e-15,282,0,1588,9.3831e-17,1407,9.3831e-17
798,1066,4.26307e-15,261,0,1586,9.3831e-17,1452,9.3831e-17
799,973,4.26307e-15,300,0,1688,9.3831e-17,1468,9.3831e-17
800,973,4.26307e-15,290,0,1750,9.3831e-17,1407,9.3831e-17
801,975,4.26307e-15,287,0,1556,9.3831e-17,1403,9.3831e-17
802,979,4.26307e-15,294,0,1579,9.3831e-17,1543,9.3831e-17
803,983,4.26307e-15,287,0,1585,9.3831e-17,1402,9.3831e-17
804,979,4.26307e-15,280,0,1591,9.3831e-17,1460,9.3831e-17
805,1028,4.26307e-15,296,0,2126,9.3831e-17,2021,9.3831e-17
806,1322,4.26307e-15,381,0,1617,9.3831e-17,1396,9.3831e-17
807,975,4.26307e-15,279,0,1786,9.3831e-17,1400,9.3831e-17
808,989,4.26307e-15,267,0,1602,9.3831e-17,1407,9.3831e-17
809,975,4.26307e-15,279,0,1620,9.3831e-17,1547,9.3831e-17
810,996,4.26307e-15,288,0,1584,9.3831e-17,1416,9.3831e-17
811,986,4.26307e-15,263,0,1569,9.3831e-17,1430,9.3831e-17
812,1003,4.26307e-15,266,0,1725,9.3831e-17,1410,9.3831e-17
813,985,4.26307e-15,268,0,1603,9.3831e-17,1424,9.3831e-17
814,991,4.26307e-15,277,0,1604,9.3831e-17,1518,9.3831e-17
815,1008,4.26307e-15,313,0,1630,9.3831e-17,1434,9.3831e-17
816,994,4.26307e-15,304,0,1723,9.3831e-17,1434,9.3831e-17
817,1217,4.26307e-15,282,0,1647,9.3831e-17,1437,9.3831e-17
818,1002,4.26307e-15,268,0,1774,9.3831e-17,1422,9.3831e-17
819,987,4.26307e-15,271,0,1726,9.3831e-17,1554,9.3831e-17
820,1065,4.26307e-15,328,0,1624,9.3831e-17,1448,9.3831e-17
821,1005,4.26307e-15,273,0,1657,9.3831e-17,1653,9.3831e-17
822,1051,4.26307e-15,274,0,1655,9.3831e-17,1428,9.3831e-17
823,1020,4.26307e-15,267,0,1588,9.3831e-17,1452,9.3831e-17
824,1024,4.26307e-15,268,0,2066,9.3831e-17,1711,9.3831e-17
825,1109,4.26307e-15,263,0,1610,9.3831e-17,1449,9.3831e-17
826,1017,4.26307e-15,267,0,1786,9.3831e-17,1603,9.3831e-17
827,1042,4.26307e-15,300,0,2001,9.3831e-17,1457,9.3831e-17
828,1029,4.26307e-15,277,0,1601,9.3831e-17,1941,9.3831e-17
829,1098,4.26307e-15,273,0,1661,9.3831e-17,1445,9.3831e-17
830,1018,4.26307e-15,314,0,1743,9.3831e-17,1581,9.3831e-17
831,1299,4.26307e-15,323,0,1694,9.3831e-17,1520,9.3831e-17
832,1013,4.26307e-15,270,0,1677,9.3831e-17,1443,9.3831e-17
833,1049,4.26307e-15,277,0,1804,9.3831e-17,2050,9.3831e-17
834,1474,4.26307e-15,395,0,2280,9.3831e-17,2151,9.3831e-17
835,1591,4.26307e-15,363,0,2308,9.3831e-17,2004,9.3831e-17
836,1047,4.26307e-15,261,0,1703,9.3831e-17,1605,9.3831e-17
837,1326,4.26307e-15,324,0,1817,9.3831e-17,1546,9.3831e-17
838,1006,4.26307e-15,262,0,1682,9.3831e-17,1465,9.3831e-17
839,1290,4.26307e-15,589,0,1870,9.3831e-17,1500,9.3831e-17
840,1028,4.26307e-15,253,0,1642,9.3831e-17,1482,9.3831e-17
841,1051,4.26307e-15,259,0,1823,9.3831e-17,1475,9.3831e-17
842,1396,4.26307e-15,358,0,1707,9.3831e-17,1503,9.3831e-17
843,1052,4.26307e-15,296,0,1696,9.3831e-17,1895,9.3831e-17
844,1385,4.26307e-15,354,0,2314,9.3831e-17,2141,9.3831e-17
845,1460,4.26307e-15,340,0,1902,9.3831e-17,1519,9.3831e-17
846,1016,4.26307e-15,254,0,1682,9.3831e-17,1484,9.3831e-17
847,1288,4.26307e-15,354,0,2269,9.3831e-17,2262,9.3831e-17
848,1435,4.26307e-15,354,0,1925,9.3831e-17,1636,9.3831e-17
849,1040,4.26307e-15,249,0,1650,9.3831e-17,1566,9.3831e-17
850,1030,4.26307e-15,247,0,1752,9.3831e-17,1472,9.3831e-17
851,1066,4.26307e-15,246,0,1956,9.3831e-17,2479,9.3831e-17
852,1616,4.26307e-15,365,0,2436,9.3831e-17,2228,9.3831e-17
853,1554,4.26307e-15,351,0,2673,9.3831e-17,2191,9.3831e-17
854,1613,4.26307e-15,357,0,2380,9.3831e-17,2460,9.3831e-17
855,1430,4.26307e-15,357,0,2320,9.3831e-17,2249,9.3831e-17
856,1386,4.26307e-15,247,0,1713,9.3831e-17,2118,9.3831e-17
857,1036,4.26307e-15,255,0,1754,9.3831e-17,1485,9.3831e-17
858,1188,4.26307e-15,271,0,2197,9.3831e-17,2390,9.3831e-17
859,1489,4.26307e-15,323,0,2164,9.3831e-17,2263,9.3831e-17
860,1487,4.26307e-15,332,0,2229,9.3831e-17,2217,9.3831e-17
861,1485,4.26307e-15,339,0,2346,9.3831e-17,2210,9.3831e-17
862,1643,4.26307e-15,331,0,2315,9.3831e-17,2216,9.3831e-17
863,1406,4.26307e-15,273,0,1815,9.3831e-17,2442,9.3831e-17
864,1474,4.26307e-15,344,0,2337,9.3831e-17,2205,9.3831e-17
865,1514,4.26307e-15,332,0,2564,9.3831e-17,2198,9.3831e-17
866,1487,4.26307e-15,334,0,2328,9.3831e-17,1524,9.3831e-17
867,1541,4.26307e-15,327,0,1977,9.3831e-17,1661,9.3831e-17
868,1100,4.26307e-15,320,0,1948,9.3831e-17,1519,9.3831e-17
869,1063,4.26307e-15,235,0,1884,9.3831e-17,1535,9.3831e-17
870,1073,4.26307e-15,249,0,1860,9.3831e-17,1511,9.3831e-17
871,1100,4.26307e-15,283,0,1964,9.3831e-17,1641,9.3831e-17
872,1092,4.26307e-15,279,0,1856,9.3831e-17,1511,9.3831e-17
873,1076,4.26307e-15,302,0,2475,9.3831e-17,2235,9.3831e-17
874,1481,4.26307e-15,312,0,2370,9.3831e-17,1632,9.3831e-17
875,1086,4.26307e-15,234,0,1933,9.3831e-17,1525,9.3831e-17
876,1072,4.26307e-15,237,0,1736,9.3831e-17,1549,9.3831e-17
877,1101,4.26307e-15,227,0,1762,9.3831e-17,2077,9.3831e-17
878,1505,4.26307e-15,343,0,1783,9.3831e-17,1568,9.3831e-17
879,1067,4.26307e-15,238,0,1746,9.3831e-17,1838,9.3831e-17
880,1084,4.26307e-15,229,0,1792,9.3831e-17,1593,9.3831e-17
881,1086,4.26307e-15,223,0,1735,9.3831e-17,1596,9.3831e-17
882,1244,4.26307e-15,233,0,1770,9.3831e-17,1563,9.3831e-17
883,1156,4.26307e-15,270,0,1820,9.3831e-17,1641,9.3831e-17
884,1126,4.26307e-15,337,0,1903,9.3831e-17,1745,9.3831e-17
885,1147,4.26307e-15,276,0,1747,9.3831e-17,1596,9.3831e-17
886,1074,4.26307e-15,228,0,1916,9.3831e-17,1560,9.3831e-17
887,1116,4.26307e-15,226,0,1777,9.3831e-17,1567,9.3831e-17
888,1126,4.26307e-15,223,0,1937,9.3831e-17,1815,9.3831e-17
889,1386,4.26307e-15,227,0,1798,9.3831e-17,1619,9.3831e-17
890,1168,4.26307e-15,236,0,1864,9.3831e-17,1825,9.3831e-17
891,1096,4.26307e-15,227,0,1803,9.3831e-17,1626,9.3831e-17
892,1232,4.26307e-15,227,0,1786,9.3831e-17,1821,9.3831e-17
893,1448,4.26307e-15,276,0,1832,9.3831e-17,1602,9.3831e-17
894,1103,4.26307e-15,225,0,1804,9.3831e-17,1838,9.3831e-17
895,1122,4.26307e-15,228,0,1752,9.3831e-17,1570,9.3831e-17
896,1082,4.26307e-15,220,0,1851,9.3831e-17,1748,9.3831e-17
897,1587,4.26307e-15,248,0,1981,9.3831e-17,1602,9.3831e-17
898,1088,4.26307e-15,235,0,2274,9.3831e-17,1622,9.3831e-17
899,1402,4.26307e-15,225,0,1943,9.3831e-17,2292,9.3831e-17
900,1538,4.26307e-15,312,0,2384,9.3831e-17,2449,9.3831e-17
901,1509,4.26307e-15,311,0,1828,9.3831e-17,1586,9.3831e-17
902,1082,4.26307e-15,223,0,2116,9.3831e-17,2527,9.3831e-17
903,1567,4.26307e-15,309,0,2387,9.3831e-17,1839,9.3831e-17
904,1147,4.26307e-15,235,0,2025,9.3831e-17,1604,9.3831e-17
905,1306,4.26307e-15,295,0,2329,9.3831e-17,1688,9.3831e-17
906,1111,4.26307e-15,298,0,2606,9.3831e-17,1995,9.3831e-17
907,1200,4.26307e-15,231,0,1951,9.3831e-17,1750,9.3831e-17
908,1120,4.26307e-15,249,0,2563,9.3831e-17,2351,9.3831e-17
909,1535,4.26307e-15,288,0,2451,9.3831e-17,1618,9.3831e-17
910,1321,4.26307e-15,242,0,1839,9.3831e-17,1593,9.3831e-17
911,1175,4.26307e-15,263,0,1864,9.3831e-17,1609,9.3831e-17
912,1370,4.26307e-15,248,0,1890,9.3831e-17,1697,9.3831e-17
913,1128,4.26307e-15,216,0,1818,9.3831e-17,1606,9.3831e-17
914,1102,4.26307e-15,203,0,2042,9.3831e-17,1663,9.3831e-17
915,1103,4.26307e-15,224,0,1844,9.3831e-17,1622,9.3831e-17
916,1106,4.26307e-15,208,0,1988,9.3831e-17,1596,9.3831e-17
917,1114,4.26307e-15,214,0,1834,9.3831e-17,1592,9.3831e-17
918,1124,4.26307e-15,206,0,1819,9.3831e-17,1827,9.3831e-17
919,1129,4.26307e-15,213,0,1822,9.3831e-17,1670,9.3831e-17
920,1145,4.26307e-15,211,0,1806,9.3831e-17,1890,9.3831e-17
921,1116,4.26307e-15,216,0,1876,9.3831e-17,1614,9.3831e-17
922,1129,4.26307e-15,210,0,1850,9.3831e-17,1804,9.3831e-17
923,1223,4.26307e-15,212,0,1843,9.3831e-17,1598,9.3831e-17
924,1153,4.26307e-15,200,0,1820,9.3831e-17,1668,9.3831e-17
925,1331,4.26307e-15,215,0,1863,9.3831e-17,1620,9.3831e-17
926,1130,4.26307e-15,198,0,1843,9.3831e-17,1622,9.3831e-17
927,1130,4.26307e-15,205,0,2035,9.3831e-17,1634,9.3831e-17
928,1136,4.26307e-15,200,0,1848,9.3831e-17,1636,9.3831e-17
929,1114,4.26307e-15,198,0,2011,9.3831e-17,1624,9.3831e-17
930,1133,4.26307e-15,201,0,1821,9.3831e-17,1643,9.3831e-17
931,1115,4.26307e-15,199,0,1838,9.3831e-17,1857,9.3831e-17
932,1160,4.26307e-15,201,0,1848,9.3831e-17,1648,9.3831e-17
933,1129,4.26307e-15,190,0,1856,9.3831e-17,1889,9.3831e-17
934,1149,4.26307e-15,198,0,1845,9.3831e-17,1642,9.3831e-17
935,1131,4.26307e-15,201,0,1874,9.3831e-17,1695,9.3831e-17
936,1302,4.26307e-15,195,0,1846,9.3831e-17,1643,9.3831e-17
937,1152,4.26307e-15,192,0,1871,9.3831e-17,1637,9.3831e-17
938,1319,4.26307e-15,215,0,1882,9.3831e-17,1649,9.3831e-17
939,1141,4.26307e-15,187,0,1885,9.3831e-17,1637,9.3831e-17
940,1140,4.26307e-15,311,0,2167,9.3831e-17,1765,9.3831e-17
941,1184,4.26307e-15,201,0,1858,9.3831e-17,1654,9.3831e-17
942,1151,4.26307e-15,237,0,2190,9.3831e-17,1936,9.3831e-17
943,1226,4.26307e-15,206,0,1915,9.3831e-17,1644,9.3831e-17
944,1157,4.26307e-15,198,0,1988,9.3831e-17,1661,9.3831e-17
945,1144,4.26307e-15,200,0,1885,9.3831e-17,1684,9.3831e-17
946,1254,4.26307e-15,206,0,2263,9.3831e-17,1728,9.3831e-17
947,1190,4.26307e-15,199,0,1944,9.3831e-17,1715,9.3831e-17
948,1266,4.26307e-15,231,0,2546,9.3831e-17,2070,9.3831e-17
949,1248,4.26307e-15,205,0,1887,9.3831e-17,1685,9.3831e-17
950,1148,4.26307e-15,194,0,1980,9.3831e-17,1654,9.3831e-17
951,1192,4.26307e-15,195,0,1930,9.3831e-17,1699,9.3831e-17
952,1152,4.26307e-15,190,0,2066,9.3831e-17,1650,9.3831e-17
953,1164,4.26307e-15,182,0,1886,9.3831e-17,1681,9.3831e-17
954,1153,4.26307e-15,182,0,1897,9.3831e-17,1851,9.3831e-17
955,1195,4.26307e-15,192,0,1907,9.3831e-17,1675,9.3831e-17
956,1141,4.26307e-15,179,0,1915,9.3831e-17,1863,9.3831e-17
957,1174,4.26307e-15,190,0,1898,9.3831e-17,1657,9.3831e-17
958,1166,4.26307e-15,177,0,1906,9.3831e-17,1710,9.3831e-17
959,1270,4.26307e-15,191,0,1906,9.3831e-17,1709,9.3831e-17
960,1205,4.26307e-15,192,0,1909,9.3831e-17,1675,9.3831e-17
961,1307,4.26307e-15,182,0,1924,9.3831e-17,1768,9.3831e-17
962,1345,4.26307e-15,182,0,2013,9.3831e-17,1809,9.3831e-17
963,1298,4.26307e-15,187,0,2008,9.3831e-17,1677,9.3831e-17
964,1192,4.26307e-15,187,0,1893,9.3831e-17,1712,9.3831e-17
965,1282,4.26307e-15,229,0,1993,9.3831e-17,1690,9.3831e-17
966,1197,4.26307e-15,194,0,1941,9.3831e-17,1703,9.3831e-17
967,1245,4.26307e-15,231,0,2064,9.3831e-17,1924,9.3831e-17
968,1264,4.26307e-15,182,0,1956,9.3831e-17,1691,9.3831e-17
969,1224,4.26307e-15,229,0,1977,9.3831e-17,1693,9.3831e-17
970,1198,4.26307e-15,179,0,1930,9.3831e-17,1694,9.3831e-17
971,1186,4.26307e-15,177,0,2121,9.3831e-17,1744,9.3831e-17
972,1214,4.26307e-15,187,0,1930,9.3831e-17,1828,9.3831e-17
973,1216,4.26307e-15,202,0,2037,9.3831e-17,1714,9.3831e-17
974,1203,4.26307e-15,185,0,1930,9.3831e-17,1708,9.3831e-17
975,1207,4.26307e-15,186,0,2068,9.3831e-17,1707,9.3831e-17
976,1199,4.26307e-15,189,0,1931,9.3831e-17,1690,9.3831e-17
977,1208,4.26307e-15,186,0,2160,9.3831e-17,2211,9.3831e-17
978,1282,4.26307e-15,189,0,2303,9.3831e-17,2077,9.3831e-17
979,1320,4.26307e-15,191,0,2207,9.3831e-17,1848,9.3831e-17
980,1563,4.26307e-15,250,0,2330,9.3831e-17,1701,9.3831e-17
981,1531,4.26307e-15,272,0,2863,9.3831e-17,2607,9.3831e-17
982,1693,4.26307e-15,271,0,2970,9.3831e-17,2610,9.3831e-17
983,1745,4.26307e-15,280,0,2770,9.3831e-17,2765,9.3831e-17
984,1770,4.26307e-15,260,0,2648,9.3831e-17,2384,9.3831e-17
985,1662,4.26307e-15,247,0,2381,9.3831e-17,2163,9.3831e-17
986,1389,4.26307e-15,249,0,2224,9.3831e-17,2068,9.3831e-17
987,1600,4.26307e-15,284,0,2552,9.3831e-17,2332,9.3831e-17
988,1500,4.26307e-15,257,0,2457,9.3831e-17,1899,9.3831e-17
989,1199,4.26307e-15,189,0,1958,9.3831e-17,1739,9.3831e-17
990,1215,4.26307e-15,184,0,1951,9.3831e-17,1929,9.3831e-17
991,1204,4.26307e-15,191,0,2019,9.3831e-17,1713,9.3831e-17
992,1378,4.26307e-15,181,0,1956,9.3831e-17,1861,9.3831e-17
993,1232,4.26307e-15,179,0,1981,9.3831e-17,1741,9.3831e-17
994,1242,4.26307e-15,176,0,1968,9.3831e-17,1832,9.3831e-17
995,1241,4.26307e-15,192,0,1979,9.3831e-17,1741,9.3831e-17
996,1293,4.26307e-15,181,0,2029,9.3831e-17,1905,9.3831e-17
997,1339,4.26307e-15,185,0,1940,9.3831e-17,1798,9.3831e-17
998,1271,4.26307e-15,182,0,2063,9.3831e-17,1898,9.3831e-17
999,1296,4.26307e-15,185,0,2000,9.3831e-17,1753,9.3831e-17
